Model,Accuracy,F1-Score,AUC(ROC)
Logistic Regression,0.7402597402597403,0.7438050455291834,0.8216666666666667
LightGBM,0.7662337662337663,0.7694245409762651,0.8201851851851851
Random Forest,0.7272727272727273,0.7302323287130666,0.8187962962962962
XGBoost,0.7402597402597403,0.7422475483699973,0.8038888888888888
